-- =========================================================
-- UniLib+ Sample Data Inserts
-- Order respects foreign-key constraints
-- =========================================================

-- -------------------------
-- 1. Address
-- -------------------------
INSERT INTO Address (address_id, street, city, state, postal_code, country) VALUES
(1, '123 Main St', 'Durham', 'NC', '27701', 'USA'),
(2, '456 Campus Dr', 'Durham', 'NC', '27708', 'USA'),
(3, '789 Elm St', 'Raleigh', 'NC', '27601', 'USA'),
(4, '10 Library Ave', 'Chapel Hill', 'NC', '27514', 'USA'),
(5, '221B Baker St', 'London', NULL, 'NW1 6XE', 'UK'),
(6, '1600 Amphitheatre Pkwy', 'Mountain View', 'CA', '94043', 'USA'),
(7, '5 Digital Way', 'New York', 'NY', '10001', 'USA'),
(8, '18 Print Row', 'Boston', 'MA', '02115', 'USA'),
(9, '77 River Rd', 'Shanghai', NULL, '200000', 'China'),
(10, '8 Scholar Ln', 'Beijing', NULL, '100000', 'China'),
(11, '3 Old Town Sq', 'Prague', NULL, '11000', 'Czech Republic'),
(12, '45 Partner Pl', 'Seattle', 'WA', '98101', 'USA'),
(13, '90 North Quad', 'Ann Arbor', 'MI', '48109', 'USA'),
(14, '12 Library Loop', 'Pittsburgh', 'PA', '15213', 'USA'),
(15, '5 Scholar Street', 'Austin', 'TX', '73301', 'USA'),
(16, '44 Knowledge Rd', 'San Diego', 'CA', '92101', 'USA'),
(17, '8 Maple Court', 'Toronto', NULL, 'M5H 2N2', 'Canada'),
(18, '72 College Way', 'Madison', 'WI', '53703', 'USA'),
(19, '3 Riverbank Blvd', 'Singapore', NULL, '049908', 'Singapore'),
(20, '88 Innovation Dr', 'Shenzhen', NULL, '518000', 'China'),
(21, '19 Scholar Plaza', 'Hong Kong', NULL, '000000', 'China'),
(22, '101 Library Hill', 'Edinburgh', NULL, 'EH8 9YL', 'UK'),
(23, '27 Campus Circle', 'Melbourne', NULL, '3000', 'Australia'),
(24, '66 Knowledge Lane', 'Boston', 'MA', '02116', 'USA'),
(25, '14 Book Row', 'New York', 'NY', '10012', 'USA');

-- -------------------------
-- 2. Branch
-- -------------------------
INSERT INTO Branch (branch_id, name, address_id) VALUES
(1, 'Main Library', 1),
(2, 'Science Library', 2),
(3, 'Downtown Branch', 3),
(4, 'Health Sciences Library', 4),
(5, 'Engineering Library', 13),
(6, 'Arts & Humanities Library', 14),
(7, 'Business Library', 24),
(8, 'Law Library', 25);

-- -------------------------
-- 3. Publisher
-- -------------------------
INSERT INTO Publisher (publisher_id, name, address_id) VALUES
(1, 'Acorn Press', 8),
(2, 'Global Academic Publishing', 6),
(3, 'Old Town Classics', 11),
(4, 'Dragon Gate Press', 9),
(5, 'North Campus Press', 2),
(6, 'Maple Leaf Academic', 17),
(7, 'Pacific Rim Publishing', 19),
(8, 'Campus West Press', 18),
(9, 'Southern Lights Publishing', 16),
(10, 'Eastern Horizon Press', 20);

-- -------------------------
-- 4. Author
-- -------------------------
INSERT INTO Author (author_id, first_name, last_name) VALUES
(1, 'Alice', 'Nguyen'),
(2, 'Benjamin', 'Clark'),
(3, 'Carla', 'Santos'),
(4, 'David', 'Zhang'),
(5, 'Emily', 'Johnson'),
(6, 'Farid', 'Hassan'),
(7, 'Grace', 'Miller'),
(8, 'Hiroshi', 'Tanaka'),
(9, 'Isabel', 'Lopez'),
(10, 'Jonas', 'Kovac'),
(11, 'Karen', 'Olsen'),
(12, 'Leo', 'Dubois'),
(13, 'Marta', 'Kowalski'),
(14, 'Nikhil', 'Patel'),
(15, 'Olga', 'Smirnova'),
(16, 'Paulo', 'Ferreira'),
(17, 'Qi', 'Liu'),
(18, 'Rina', 'Yamamoto'),
(19, 'Samuel', 'Green'),
(20, 'Tanya', 'Singh'),
(21, 'Umar', 'Almeida'),
(22, 'Valentina', 'Rossi'),
(23, 'Wen', 'Chen'),
(24, 'Xavier', 'Martins'),
(25, 'Yara', 'Haddad');

-- -------------------------
-- 5. Subject
-- -------------------------
INSERT INTO Subject (subject_id, name) VALUES
(1, 'Computer Science'),
(2, 'Data Science'),
(3, 'Literature'),
(4, 'History'),
(5, 'Biology'),
(6, 'Economics'),
(7, 'Mathematics'),
(8, 'Philosophy'),
(9,  'Artificial Intelligence'),
(10, 'Sociology'),
(11, 'Law'),
(12, 'Business & Management'),
(13, 'Environmental Studies'),
(14, 'Psychology');

-- -------------------------
-- 6. Book
-- (ISBN must be 13 chars)
-- -------------------------
INSERT INTO Book (isbn, title, publisher_id, pub_year) VALUES
('9780000000001', 'Introduction to Databases', 2, 2020),
('9780000000002', 'Advanced SQL Patterns', 2, 2022),
('9780000000003', 'Modern Data Science', 1, 2021),
('9780000000004', 'Foundations of Algorithms', 5, 2019),
('9780000000005', 'World Literature Anthology', 3, 2015),
('9780000000006', 'Modern European History', 3, 2018),
('9780000000007', 'Molecular Biology Basics', 4, 2017),
('9780000000008', 'Principles of Economics', 1, 2016),
('9780000000009', 'Discrete Mathematics in Practice', 5, 2019),
('9780000000010', 'Ethics and Technology', 4, 2023),
('9780000000011', 'Practical Machine Learning', 2, 2021),
('9780000000012', 'Deep Learning for Vision', 2, 2023),
('9780000000013', 'Natural Language Processing in Practice', 6, 2022),
('9780000000014', 'Introduction to Sociology', 1, 2018),
('9780000000015', 'Business Analytics Essentials', 8, 2020),
('9780000000016', 'Environmental Change and Policy', 6, 2017),
('9780000000017', 'Psychology of Learning', 1, 2016),
('9780000000018', 'Global Business Strategy', 7, 2019),
('9780000000019', 'Corporate Finance Foundations', 8, 2019),
('9780000000020', 'International Trade and Policy', 10, 2021),
('9780000000021', 'Modern Constitutional Law', 9, 2020),
('9780000000022', 'Legal Research Methods', 9, 2018),
('9780000000023', 'History of Modern China', 4, 2015),
('9780000000024', 'Asian Literature Classics', 3, 2014),
('9780000000025', 'Scientific Writing for Students', 5, 2022),
('9780000000026', 'Data Visualization Handbook', 1, 2021),
('9780000000027', 'Ethics in Biomedical Research', 4, 2019),
('9780000000028', 'Statistical Inference with R', 5, 2018),
('9780000000029', 'Advanced Discrete Mathematics', 5, 2022),
('9780000000030', 'Computational Biology Primer', 2, 2023);

-- -------------------------
-- 7. BookAuthor (M:N)
-- -------------------------
INSERT INTO BookAuthor (isbn, author_id) VALUES
('9780000000001', 1),
('9780000000001', 4),
('9780000000002', 2),
('9780000000002', 1),
('9780000000003', 3),
('9780000000003', 6),
('9780000000004', 4),
('9780000000004', 7),
('9780000000005', 5),
('9780000000005', 9),
('9780000000006', 6),
('9780000000006', 10),
('9780000000007', 8),
('9780000000007', 6),
('9780000000008', 2),
('9780000000008', 5),
('9780000000009', 7),
('9780000000009', 4),
('9780000000010', 3),
('9780000000010', 8),
('9780000000011', 14),
('9780000000011', 17),
('9780000000012', 4),
('9780000000012', 23),
('9780000000013', 11),
('9780000000013', 18),
('9780000000014', 12),
('9780000000015', 19),
('9780000000015', 20),
('9780000000016', 22),
('9780000000016', 15),
('9780000000017', 21),
('9780000000018', 16),
('9780000000018', 19),
('9780000000019', 20),
('9780000000019', 21),
('9780000000020', 16),
('9780000000021', 13),
('9780000000021', 24),
('9780000000022', 11),
('9780000000022', 13),
('9780000000023', 23),
('9780000000024', 9),
('9780000000024', 25),
('9780000000025', 5),
('9780000000025', 14),
('9780000000026', 1),
('9780000000026', 11),
('9780000000027', 3),
('9780000000027', 22),
('9780000000028', 7),
('9780000000028', 12),
('9780000000029', 7),
('9780000000029', 24),
('9780000000030', 17),
('9780000000030', 18);

-- -------------------------
-- 8. BookSubject (M:N)
-- -------------------------
INSERT INTO BookSubject (isbn, subject_id) VALUES
('9780000000001', 1),
('9780000000001', 2),
('9780000000002', 1),
('9780000000002', 2),
('9780000000003', 2),
('9780000000003', 6),
('9780000000004', 1),
('9780000000004', 7),
('9780000000005', 3),
('9780000000005', 8),
('9780000000006', 4),
('9780000000006', 3),
('9780000000007', 5),
('9780000000008', 6),
('9780000000009', 7),
('9780000000010', 8),
('9780000000010', 6),
('9780000000011', 2),
('9780000000011', 9),
('9780000000012', 1),
('9780000000012', 9),
('9780000000013', 2),
('9780000000013', 9),
('9780000000014', 10),
('9780000000015', 12),
('9780000000015', 6),
('9780000000016', 13),
('9780000000017', 14),
('9780000000018', 12),
('9780000000019', 6),
('9780000000020', 6),
('9780000000020', 4),
('9780000000021', 11),
('9780000000022', 11),
('9780000000023', 4),
('9780000000024', 3),
('9780000000025', 5),
('9780000000025', 1),
('9780000000026', 2),
('9780000000026', 7),
('9780000000027', 8),
('9780000000027', 5),
('9780000000028', 7),
('9780000000029', 7),
('9780000000030', 5),
('9780000000030', 2);

-- -------------------------
-- 9. Term
-- -------------------------
INSERT INTO Term (term_id, name, year, start_date, end_date) VALUES
(1, 'Spring', 2024, '2024-01-10', '2024-05-10'),
(2, 'Summer', 2024, '2024-05-20', '2024-08-01'),
(3, 'Fall', 2024, '2024-08-25', '2024-12-15'),
(4, 'Spring', 2025, '2025-01-12', '2025-05-12'),
(5, 'Fall', 2025, '2025-08-26', '2025-12-16'),
(6, 'Spring', 2026, '2026-01-11', '2026-05-10'),
(7, 'Summer', 2026, '2026-05-20', '2026-08-01'),
(8, 'Fall',   2026, '2026-08-24', '2026-12-15');

-- -------------------------
-- 10. Copy (physical copies)
-- -------------------------
INSERT INTO Copy (copy_id, isbn, branch_id, checkin_term_id, barcode) VALUES
(1, '9780000000001', 1, 3, 'BC0001-MAIN-DB1'),
(2, '9780000000001', 2, 3, 'BC0002-SCI-DB1'),
(3, '9780000000002', 1, 3, 'BC0003-MAIN-SQL'),
(4, '9780000000002', 2, 4, 'BC0004-SCI-SQL'),
(5, '9780000000003', 1, 4, 'BC0005-MAIN-DS'),
(6, '9780000000004', 2, 4, 'BC0006-SCI-ALG'),
(7, '9780000000005', 3, 3, 'BC0007-DT-LIT'),
(8, '9780000000006', 3, 3, 'BC0008-DT-HIST'),
(9, '9780000000007', 4, 4, 'BC0009-HL-BIO'),
(10, '9780000000008', 1, 4, 'BC0010-MAIN-ECO'),
(11, '9780000000009', 2, 5, 'BC0011-SCI-MATH'),
(12, '9780000000010', 1, 5, 'BC0012-MAIN-ETH'),
(13, '9780000000011', 1, 4, 'BC0013-MAIN-ML'),
(14, '9780000000011', 2, 5, 'BC0014-SCI-ML'),
(15, '9780000000012', 2, 5, 'BC0015-SCI-DLV'),
(16, '9780000000012', 5, 5, 'BC0016-ENG-DLV'),
(17, '9780000000013', 1, 4, 'BC0017-MAIN-NLP'),
(18, '9780000000013', 6, 4, 'BC0018-AH-NLP'),
(19, '9780000000014', 6, 3, 'BC0019-AH-SOC'),
(20, '9780000000015', 7, 4, 'BC0020-BUS-BA'),
(21, '9780000000016', 3, 3, 'BC0021-DT-ENV'),
(22, '9780000000017', 6, 4, 'BC0022-AH-PSY'),
(23, '9780000000018', 7, 4, 'BC0023-BUS-GBS'),
(24, '9780000000019', 7, 5, 'BC0024-BUS-CF'),
(25, '9780000000020', 7, 5, 'BC0025-BUS-TRD'),
(26, '9780000000021', 8, 5, 'BC0026-LAW-CON'),
(27, '9780000000022', 8, 5, 'BC0027-LAW-RSCH'),
(28, '9780000000023', 1, 4, 'BC0028-MAIN-CHN'),
(29, '9780000000024', 6, 3, 'BC0029-AH-ASLIT'),
(30, '9780000000025', 5, 4, 'BC0030-ENG-SCIW'),
(31, '9780000000026', 1, 4, 'BC0031-MAIN-DV'),
(32, '9780000000027', 4, 4, 'BC0032-HL-ETHBIO'),
(33, '9780000000028', 2, 4, 'BC0033-SCI-STAT'),
(34, '9780000000029', 2, 5, 'BC0034-SCI-DM2'),
(35, '9780000000030', 5, 5, 'BC0035-ENG-CBIO'),
(36, '9780000000001', 5, 5, 'BC0036-ENG-DB1'),
(37, '9780000000003', 7, 5, 'BC0037-BUS-DS'),
(38, '9780000000004', 5, 4, 'BC0038-ENG-ALG'),
(39, '9780000000008', 7, 4, 'BC0039-BUS-ECO'),
(40, '9780000000010', 6, 4, 'BC0040-AH-ETH'),
(41, '9780000000005', 6, 3, 'BC0041-AH-LIT'),
(42, '9780000000006', 3, 3, 'BC0042-DT-HIST2'),
(43, '9780000000007', 4, 4, 'BC0043-HL-BIO2'),
(44, '9780000000009', 2, 5, 'BC0044-SCI-DM3'),
(45, '9780000000011', 6, 5, 'BC0045-AH-ML'),
(46, '9780000000012', 1, 5, 'BC0046-MAIN-DLV'),
(47, '9780000000013', 3, 5, 'BC0047-DT-NLP'),
(48, '9780000000026', 5, 6, 'BC0048-ENG-DV2'),
(49, '9780000000028', 1, 6, 'BC0049-MAIN-STAT'),
(50, '9780000000030', 1, 6, 'BC0050-MAIN-CBIO');

-- -------------------------
-- 11. Patron
-- -------------------------
INSERT INTO Patron (patron_id, first_name, last_name, email, patron_type, address_id, balance) VALUES
(1, 'Liam', 'Brown', 'liam.brown@example.com', 'Student', 1, 0.00),
(2, 'Sophia', 'Lee', 'sophia.lee@example.com', 'Student', 2, 1.50),
(3, 'Noah', 'Garcia', 'noah.garcia@example.com', 'Faculty', 3, 0.00),
(4, 'Olivia', 'Martinez', 'olivia.martinez@example.com', 'Staff', 4, 5.00),
(5, 'Ethan', 'Wang', 'ethan.wang@example.com', 'Student', 9, 0.00),
(6, 'Ava', 'Khan', 'ava.khan@example.com', 'Student', 10, 0.75),
(7, 'Lucas', 'Smith', 'lucas.smith@example.com', 'Alumni', 7, 0.00),
(8, 'Mia', 'Adams', 'mia.adams@example.com', 'Student', 1, 0.00),
(9,  'Zoe', 'Perez', 'zoe.perez@example.com', 'Student', 13, 0.00),
(10, 'Henry', 'Cooper', 'henry.cooper@example.com', 'Student', 14, 2.00),
(11, 'Ivy', 'Ng', 'ivy.ng@example.com', 'Faculty', 15, 0.00),
(12, 'Jack', 'Hernandez', 'jack.hernandez@example.com', 'Student', 16, 0.50),
(13, 'Kelly', 'Park', 'kelly.park@example.com', 'Staff', 17, 0.00),
(14, 'Lena', 'Schmidt', 'lena.schmidt@example.com', 'Student', 18, 1.25),
(15, 'Max', 'OConnor', 'max.oconnor@example.com', 'Student', 19, 0.00),
(16, 'Nora', 'Silva', 'nora.silva@example.com', 'Student', 20, 0.00),
(17, 'Oscar', 'Diaz', 'oscar.diaz@example.com', 'Alumni', 21, 0.00),
(18, 'Pia', 'Rao', 'pia.rao@example.com', 'Student', 22, 3.50),
(19, 'Quinn', 'Baker', 'quinn.baker@example.com', 'Student', 23, 0.00),
(20, 'Ruth', 'Foster', 'ruth.foster@example.com', 'Faculty', 24, 0.00),
(21, 'Sean', 'Young', 'sean.young@example.com', 'Student', 25, 0.00),
(22, 'Tara', 'Gordon', 'tara.gordon@example.com', 'Student', 1, 0.25),
(23, 'Uma', 'Kaur', 'uma.kaur@example.com', 'Student', 2, 0.00),
(24, 'Vlad', 'Ivanov', 'vlad.ivanov@example.com', 'Student', 3, 1.00),
(25, 'Will', 'Reed', 'will.reed@example.com', 'Student', 4, 0.00),
(26, 'Xia', 'Zhou', 'xia.zhou@example.com', 'Student', 9, 0.00),
(27, 'Yuki', 'Sato', 'yuki.sato@example.com', 'Student', 10, 0.60),
(28, 'Ahmed', 'Ali', 'ahmed.ali@example.com', 'Student', 11, 0.00),
(29, 'Bea', 'Lopez', 'bea.lopez@example.com', 'Student', 12, 0.00),
(30, 'Carl', 'Mendez', 'carl.mendez@example.com', 'Alumni', 7, 0.00);

-- -------------------------
-- 12. Loan
-- -------------------------
INSERT INTO Loan (loan_id, copy_id, patron_id, loan_ts, due_ts, return_ts) VALUES
(1, 1, 1, '2025-02-01 10:00:00', '2025-02-15 23:59:59', '2025-02-10 14:30:00'),
(2, 3, 2, '2025-02-03 09:15:00', '2025-02-17 23:59:59', NULL),
(3, 5, 3, '2025-01-20 16:00:00', '2025-02-03 23:59:59', '2025-02-01 11:00:00'),
(4, 7, 4, '2025-01-25 14:45:00', '2025-02-08 23:59:59', '2025-03-01 10:00:00'),
(5, 9, 5, '2025-03-01 13:20:00', '2025-03-15 23:59:59', NULL),
(6, 10, 6, '2025-03-02 11:05:00', '2025-03-16 23:59:59', '2025-03-14 16:20:00'),
(7, 11, 7, '2025-03-05 10:30:00', '2025-03-19 23:59:59', NULL),
(8, 12, 8, '2025-03-06 15:10:00', '2025-03-20 23:59:59', '2025-03-19 09:00:00'),
(9,  13,  9,  '2025-03-10 09:00:00', '2025-03-24 23:59:59', '2025-03-20 10:00:00'),
(10, 14, 10, '2025-03-11 10:30:00', '2025-03-25 23:59:59', NULL),
(11, 15, 11, '2025-03-12 14:15:00', '2025-03-26 23:59:59', '2025-03-22 15:00:00'),
(12, 16, 12, '2025-03-12 16:45:00', '2025-03-26 23:59:59', NULL),
(13, 17, 13, '2025-03-13 11:05:00', '2025-03-27 23:59:59', '2025-03-28 09:30:00'),
(14, 18, 14, '2025-03-14 13:20:00', '2025-03-28 23:59:59', NULL),
(15, 19, 15, '2025-03-15 09:50:00', '2025-03-29 23:59:59', NULL),
(16, 20, 16, '2025-03-15 15:30:00', '2025-03-29 23:59:59', NULL),
(17, 21, 17, '2025-03-16 10:40:00', '2025-03-30 23:59:59', '2025-04-02 11:00:00'),
(18, 22, 18, '2025-03-16 18:10:00', '2025-03-30 23:59:59', NULL),
(19, 23, 19, '2025-03-17 08:20:00', '2025-03-31 23:59:59', NULL),
(20, 24, 20, '2025-03-17 13:00:00', '2025-03-31 23:59:59', '2025-03-29 09:00:00'),
(21, 25, 21, '2025-03-18 09:45:00', '2025-04-01 23:59:59', NULL),
(22, 26, 22, '2025-03-18 11:30:00', '2025-04-01 23:59:59', NULL),
(23, 27, 23, '2025-03-18 16:00:00', '2025-04-01 23:59:59', NULL),
(24, 28, 24, '2025-03-19 09:10:00', '2025-04-02 23:59:59', '2025-04-10 10:00:00'),
(25, 29, 25, '2025-03-19 14:25:00', '2025-04-02 23:59:59', NULL),
(26, 30, 26, '2025-03-20 10:00:00', '2025-04-03 23:59:59', NULL),
(27, 31, 27, '2025-03-20 11:20:00', '2025-04-03 23:59:59', NULL),
(28, 32, 28, '2025-03-20 15:15:00', '2025-04-03 23:59:59', NULL),
(29, 33, 29, '2025-03-21 09:30:00', '2025-04-04 23:59:59', NULL),
(30, 34, 30, '2025-03-21 16:45:00', '2025-04-04 23:59:59', NULL),
(31, 35,  1, '2025-03-22 10:10:00', '2025-04-05 23:59:59', NULL),
(32, 36,  2, '2025-03-22 14:00:00', '2025-04-05 23:59:59', NULL),
(33, 37,  3, '2025-03-23 09:00:00', '2025-04-06 23:59:59', NULL),
(34, 38,  4, '2025-03-23 11:15:00', '2025-04-06 23:59:59', NULL),
(35, 39,  5, '2025-03-23 15:40:00', '2025-04-06 23:59:59', NULL),
(36, 40,  6, '2025-03-24 10:05:00', '2025-04-07 23:59:59', NULL),
(37, 41,  7, '2025-03-24 13:25:00', '2025-04-07 23:59:59', NULL),
(38, 42,  8, '2025-03-24 17:50:00', '2025-04-07 23:59:59', NULL),
(39, 43,  9, '2025-03-25 09:35:00', '2025-04-08 23:59:59', NULL),
(40, 44, 10, '2025-03-25 14:40:00', '2025-04-08 23:59:59', NULL);

-- -------------------------
-- 13. FineReason
-- -------------------------
INSERT INTO FineReason (reason_id, code, description) VALUES
(1, 'LATE', 'Overdue return'),
(2, 'LOST', 'Item reported lost'),
(3, 'DAMAGED', 'Item returned damaged');

-- -------------------------
-- 14. Fine
-- -------------------------
INSERT INTO Fine (fine_id, loan_id, patron_id, reason_id, amount, status, created_at) VALUES
(1, 4, 4, 1, 12.50, 'Unpaid', '2025-03-02 09:00:00'),
(2, 2, 2, 1, 3.00, 'Paid', '2025-02-20 10:00:00'),
(3, 5, 5, 2, 45.00, 'Unpaid', '2025-03-20 12:00:00'),
(4, 7, 7, 1, 7.50, 'Payment Pending', '2025-03-25 14:30:00'),
(5,  13, 13, 1,  4.00, 'Paid',            '2025-04-01 10:00:00'),
(6,  17, 17, 1,  8.50, 'Unpaid',          '2025-04-05 09:30:00'),
(7,  24, 24, 1, 15.00, 'Unpaid',          '2025-04-15 11:00:00'),
(8,  19, 19, 2, 45.00, 'Unpaid',          '2025-04-10 12:00:00'),
(9,  21, 21, 1,  2.50, 'Paid',            '2025-04-04 10:50:00'),
(10, 29, 29, 3, 20.00, 'Payment Pending', '2025-04-18 09:20:00'),
(11, 31,  1, 1,  3.00, 'Paid',            '2025-04-10 15:00:00'),
(12, 32,  2, 1,  6.50, 'Unpaid',          '2025-04-20 16:30:00'),
(13, 33,  3, 1,  5.00, 'Paid',            '2025-04-22 14:10:00'),
(14, 34,  4, 2, 60.00, 'Unpaid',          '2025-04-23 09:00:00'),
(15, 35,  5, 1,  7.00, 'Unpaid',          '2025-04-24 10:30:00'),
(16, 36,  6, 1,  2.00, 'Paid',            '2025-04-25 11:45:00'),
(17, 37,  7, 1,  4.50, 'Payment Pending', '2025-04-26 13:00:00'),
(18, 38,  8, 3, 18.00, 'Unpaid',          '2025-04-27 15:20:00'),
(19, 39,  9, 1,  3.25, 'Unpaid',          '2025-04-28 16:00:00'),
(20, 40, 10, 1,  1.75, 'Paid',            '2025-04-29 10:15:00');

-- -------------------------
-- 15. Reservation
-- -------------------------
INSERT INTO Reservation (reservation_id, patron_id, isbn, branch_id, created_at, status) VALUES
(1, 1, '9780000000003', 1, '2025-02-05 11:00:00', 'Active'),
(2, 2, '9780000000001', 2, '2025-02-06 12:15:00', 'Fulfilled'),
(3, 3, '9780000000008', 1, '2025-02-10 09:45:00', 'Cancelled'),
(4, 5, '9780000000006', 3, '2025-03-01 10:10:00', 'Active'),
(5, 6, '9780000000009', 2, '2025-03-03 16:20:00', 'Active'),
(6, 8, '9780000000010', 1, '2025-03-04 17:40:00', 'Waiting'),
(7,  9, '9780000000011', 1, '2025-03-05 11:00:00', 'Active'),
(8, 10, '9780000000012', 2, '2025-03-06 12:20:00', 'Active'),
(9, 11, '9780000000013', 6, '2025-03-06 13:40:00', 'Fulfilled'),
(10, 12, '9780000000015', 7, '2025-03-07 09:10:00', 'Active'),
(11, 13, '9780000000016', 3, '2025-03-07 14:15:00', 'Cancelled'),
(12, 14, '9780000000017', 6, '2025-03-08 10:00:00', 'Active'),
(13, 15, '9780000000018', 7, '2025-03-08 11:30:00', 'Waiting'),
(14, 16, '9780000000019', 7, '2025-03-08 15:00:00', 'Active'),
(15, 17, '9780000000020', 7, '2025-03-09 09:40:00', 'Active'),
(16, 18, '9780000000021', 8, '2025-03-09 16:20:00', 'Active'),
(17, 19, '9780000000022', 8, '2025-03-09 18:05:00', 'Cancelled'),
(18, 20, '9780000000023', 1, '2025-03-10 10:55:00', 'Active'),
(19, 21, '9780000000024', 6, '2025-03-10 14:20:00', 'Active'),
(20, 22, '9780000000025', 5, '2025-03-11 09:00:00', 'Waiting'),
(21, 23, '9780000000026', 5, '2025-03-11 10:30:00', 'Active'),
(22, 24, '9780000000027', 4, '2025-03-11 13:45:00', 'Active'),
(23, 25, '9780000000028', 2, '2025-03-12 08:20:00', 'Active'),
(24, 26, '9780000000029', 2, '2025-03-12 11:15:00', 'Active'),
(25, 27, '9780000000030', 5, '2025-03-12 17:05:00', 'Active'),
(26, 28, '9780000000003', 1, '2025-03-13 09:50:00', 'Active'),
(27, 29, '9780000000004', 5, '2025-03-13 10:10:00', 'Active'),
(28, 30, '9780000000008', 7, '2025-03-13 15:30:00', 'Active'),
(29,  1, '9780000000010', 6, '2025-03-14 09:30:00', 'Active'),
(30,  2, '9780000000026', 5, '2025-03-14 11:45:00', 'Active');

-- -------------------------
-- 16. Provider (e-resource vendors)
-- -------------------------
INSERT INTO Provider (provider_id, name, contact_email, address_id) VALUES
(1, 'EduDigital Consortium', 'support@edudigital.org', 7),
(2, 'Global eResources Inc.', 'service@geresources.com', 6),
(3, 'ScholarLink Online', 'info@scholarlink.com', 8),
(4, 'LexisLex Online', 'contact@lexislex.com', 22),
(5, 'MedInfo Digital', 'support@medinfo.org', 23);

-- -------------------------
-- 17. License
-- -------------------------
INSERT INTO License (license_id, provider_id, start_date, end_date, concurrent_limit) VALUES
(1, 1, '2024-01-01', '2026-12-31', 50),
(2, 2, '2024-07-01', '2027-06-30', 100),
(3, 3, '2025-01-01', '2026-01-01', 25),
(4, 4, '2025-01-01', '2027-12-31', 150),
(5, 5, '2025-06-01', '2028-05-31', 60),
(7,  'Online Sociology Handbook',        1, 4),
(8,  'Business Case Studies Collection', 1, 4),
(9,  'Law Reports Online',               2, 4),
(10, 'Med Imaging Database',            3, 5),
(11, 'Clinical Trials Registry',        3, 5),
(12, 'Global News Archive',             2, 2),
(13, 'AI Lecture Video Library',        3, 1),
(14, 'Statistics Tutorial Portal',      3, 1),
(15, 'Psychology eBook Bundle',         1, 3),
(16, 'Environmental Data Hub',          3, 2),
(17, 'Finance Journals Online',         2, 2),
(18, 'Literature Criticism Online',     2, 3),
(19, 'Historical Maps Archive',         3, 1),
(20, 'Open Access Biology Texts',       1, 5);


-- -------------------------
-- 18. ResourceType
-- -------------------------
INSERT INTO ResourceType (resource_type_id, name) VALUES
(1, 'Ebook'),
(2, 'Ejournal'),
(3, 'Database');

-- -------------------------
-- 19. EResource
-- -------------------------
INSERT INTO EResource (resource_id, title, resource_type_id, license_id) VALUES
(1, 'Database Systems Online Companion', 1, 1),
(2, 'Journal of Data Science (Online)', 2, 2),
(3, 'Global Economics Data Portal', 3, 2),
(4, 'Molecular Biology Virtual Lab', 3, 1),
(5, 'Ethics in AI Ebook Collection', 1, 3),
(6, 'Historical Archives Online', 2, 1);

-- -------------------------
-- 20. AccessSession
-- -------------------------
INSERT INTO AccessSession (session_id, patron_id, resource_id, start_time, end_time) VALUES
(1, 1, 1, '2025-02-01 09:05:00', '2025-02-01 10:00:00'),
(2, 2, 2, '2025-02-03 14:15:00', '2025-02-03 15:00:00'),
(3, 3, 3, '2025-02-05 13:30:00', '2025-02-05 14:45:00'),
(4, 4, 4, '2025-02-07 11:00:00', '2025-02-07 11:40:00'),
(5, 5, 5, '2025-03-01 20:10:00', NULL),
(6, 6, 1, '2025-03-02 08:45:00', '2025-03-02 09:30:00'),
(7, 7, 6, '2025-03-03 19:00:00', '2025-03-03 20:20:00'),
(8, 8, 2, '2025-03-04 16:05:00', '2025-03-04 16:55:00'),
(9,  1,  7,  '2025-03-01 09:05:00', '2025-03-01 09:55:00'),
(10, 2,  8,  '2025-03-01 10:10:00', '2025-03-01 11:00:00'),
(11, 3,  9,  '2025-03-01 11:20:00', '2025-03-01 11:50:00'),
(12, 4, 10,  '2025-03-02 14:00:00', '2025-03-02 15:20:00'),
(13, 5, 11,  '2025-03-02 16:30:00', NULL),
(14, 6, 12,  '2025-03-03 09:00:00', '2025-03-03 09:45:00'),
(15, 7, 13,  '2025-03-03 10:15:00', '2025-03-03 11:10:00'),
(16, 8, 14,  '2025-03-03 18:00:00', '2025-03-03 18:50:00'),
(17, 9, 15,  '2025-03-04 08:40:00', '2025-03-04 09:30:00'),
(18, 10,16,  '2025-03-04 13:10:00', '2025-03-04 14:00:00'),
(19, 11,17,  '2025-03-05 09:10:00', '2025-03-05 10:00:00'),
(20, 12,18,  '2025-03-05 15:20:00', '2025-03-05 16:05:00'),
(21, 13,19,  '2025-03-05 20:00:00', NULL),
(22, 14,20,  '2025-03-06 07:50:00', '2025-03-06 08:40:00'),
(23, 15, 7,  '2025-03-06 09:00:00', '2025-03-06 09:45:00'),
(24, 16, 8,  '2025-03-06 11:30:00', '2025-03-06 12:10:00'),
(25, 17, 9,  '2025-03-07 10:00:00', '2025-03-07 10:35:00'),
(26, 18,10,  '2025-03-07 13:20:00', '2025-03-07 14:05:00'),
(27, 19,11,  '2025-03-08 09:15:00', NULL),
(28, 20,12,  '2025-03-08 11:45:00', '2025-03-08 12:30:00'),
(29, 21,13,  '2025-03-08 19:00:00', '2025-03-08 19:50:00'),
(30, 22,14,  '2025-03-09 08:50:00', '2025-03-09 09:35:00'),
(31, 23,15,  '2025-03-09 15:00:00', '2025-03-09 15:40:00'),
(32, 24,16,  '2025-03-10 09:05:00', '2025-03-10 09:50:00'),
(33, 25,17,  '2025-03-10 10:15:00', '2025-03-10 11:05:00'),
(34, 26,18,  '2025-03-10 20:00:00', '2025-03-10 20:40:00'),
(35, 27,19,  '2025-03-11 07:55:00', '2025-03-11 08:45:00'),
(36, 28,20,  '2025-03-11 12:10:00', '2025-03-11 13:00:00'),
(37, 29, 7,  '2025-03-12 09:10:00', '2025-03-12 10:00:00'),
(38, 30, 8,  '2025-03-12 11:00:00', '2025-03-12 11:45:00'),
(39,  1, 9,  '2025-03-13 13:00:00', '2025-03-13 13:50:00'),
(40,  2,10,  '2025-03-13 19:10:00', '2025-03-13 20:00:00');

-- -------------------------
-- 21. PartnerLibrary
-- -------------------------
INSERT INTO PartnerLibrary (partner_id, name, address_id) VALUES
(1, 'North City Public Library', 12),
(2, 'Old Town Research Library', 11),
(3, 'Pacific Regional Library', 3),
(4, 'Eastern University Library', 18),
(5, 'Southern Metropolitan Library', 24),
(6, 'International Academic Library', 23);


-- -------------------------
-- 22. ILLRequest (Inter-Library Loan)
-- -------------------------
INSERT INTO ILLRequest (request_id, patron_id, partner_id, isbn, status, requested_at) VALUES
(1, 1, 1, '9780000000005', 'Requested', '2025-02-12 10:20:00'),
(2, 2, 2, '9780000000007', 'Shipped',   '2025-02-15 09:45:00'),
(3, 3, 1, '9780000000006', 'Received',  '2025-02-18 14:00:00'),
(4, 5, 3, '9780000000009', 'Cancelled', '2025-03-01 12:30:00'),
(5, 6, 2, '9780000000010', 'Completed', '2025-03-05 08:15:00'),
(6,  9, 4, '9780000000014', 'Requested', '2025-03-01 10:00:00'),
(7, 10, 5, '9780000000015', 'Shipped',   '2025-03-01 11:30:00'),
(8, 11, 6, '9780000000016', 'Received',  '2025-03-02 09:20:00'),
(9, 12, 4, '9780000000017', 'Completed', '2025-03-02 14:40:00'),
(10,13, 5, '9780000000018', 'Cancelled', '2025-03-03 08:15:00'),
(11,14, 6, '9780000000019', 'Requested', '2025-03-03 10:10:00'),
(12,15, 4, '9780000000020', 'Requested', '2025-03-04 13:00:00'),
(13,16, 5, '9780000000021', 'Shipped',   '2025-03-04 15:20:00'),
(14,17, 6, '9780000000022', 'Received',  '2025-03-05 09:35:00'),
(15,18, 4, '9780000000023', 'Completed', '2025-03-05 16:00:00'),
(16,19, 5, '9780000000024', 'Requested', '2025-03-06 10:05:00'),
(17,20, 6, '9780000000025', 'Shipped',   '2025-03-06 11:50:00'),
(18,21, 4, '9780000000026', 'Received',  '2025-03-07 09:10:00'),
(19,22, 5, '9780000000027', 'Completed', '2025-03-07 13:30:00'),
(20,23, 6, '9780000000028', 'Requested', '2025-03-08 08:45:00');

-- =========================================================
-- End of sample data
-- =========================================================
